num_frames,accuracy,f1,recall
4,0.958163,0.958205,0.958163
5,0.958163,0.958123,0.958163
6,0.968858,0.968905,0.968858
7,0.958163,0.958251,0.958163
8,0.962252,0.962356,0.962252
9,0.959736,0.959809,0.959736
10,0.960994,0.960971,0.960994
11,0.961938,0.961917,0.961938
12,0.961938,0.962000,0.961938
13,0.963196,0.963263,0.963196
14,0.966971,0.967078,0.966971
15,0.961309,0.961281,0.961309
16,0.962881,0.962897,0.962881